<?xml version="1.0" encoding="utf-8"?>
<!--/286275/1667936/2.50/4/3/Switch/-->
<quadcept_library>
  <setting unit="mil" />
  <textstyle name="Default" height="47.244094488189" strokewidth="7.8740157480315" charwidth="47.244094488189" />
  <textstyle name="Dimension" height="19.6850393700787" strokewidth="0" charwidth="19.6850393700787" />
  <textstyle name="H127W0635TH00762" height="50" strokewidth="3" charwidth="25" />
  <textstyle name="H15W15TH02" height="59.0551181102362" strokewidth="7.8740157480315" charwidth="59.0551181102362" />
  <padstyle name="r320_100" surface="True" plated="False" isvia="False" nopaste="False" nomask="True" complex="False" holesize="0">
    <padshape layer="TOP" shape="rectangle" width="39.370078740157" height="125.9842519685" />
    <padshape layer="TOP_SOLDER_MASK" shape="rectangle" width="47.244094488188" height="133.85826771653" />
    <padshape layer="TOP_SOLDER_PASTE" shape="rectangle" width="39.370078740157" height="125.9842519685" />
  </padstyle>
  <footprint name="EVQ9P105M" originx="0" originy="0" pickpointx="0" pickpointy="0">
    <pcbpin number="1" name="A1" style="r320_100" originx="-88.582677165353" originy="-133.85826771653" rotation="0" />
    <pcbpin number="2" name="A2" style="r320_100" originx="-88.582677165353" originy="133.85826771653" rotation="0" />
    <pcbpin number="3" name="B1" style="r320_100" originx="88.582677165353" originy="-133.85826771653" rotation="0" />
    <pcbpin number="4" name="B2" style="r320_100" originx="88.582677165353" originy="133.85826771653" rotation="0" />
    <line layer="TOP_ASSEMBLY" originx="-118.11023622047" originy="120.07874015748" endx="118.11023622047" endy="120.07874015748" width="3.9370078740157" />
    <line layer="TOP_ASSEMBLY" originx="118.11023622047" originy="120.07874015748" endx="118.11023622047" endy="-120.07874015748" width="3.9370078740157" />
    <line layer="TOP_ASSEMBLY" originx="118.11023622047" originy="-120.07874015748" endx="-118.11023622047" endy="-120.07874015748" width="3.9370078740157" />
    <line layer="TOP_ASSEMBLY" originx="-118.11023622047" originy="-120.07874015748" endx="-118.11023622047" endy="120.07874015748" width="3.9370078740157" />
    <line layer="TOP_PLACE_BOUND" originx="-157.48031496063" originy="236.22047244094" endx="157.48031496063" endy="236.22047244094" width="3.9370078740157" />
    <line layer="TOP_PLACE_BOUND" originx="157.48031496063" originy="236.22047244094" endx="157.48031496063" endy="-236.22047244094" width="3.9370078740157" />
    <line layer="TOP_PLACE_BOUND" originx="157.48031496063" originy="-236.22047244094" endx="-157.48031496063" endy="-236.22047244094" width="3.9370078740157" />
    <line layer="TOP_PLACE_BOUND" originx="-157.48031496063" originy="-236.22047244094" endx="-157.48031496063" endy="236.22047244094" width="3.9370078740157" />
    <line layer="TOP_SILKSCREEN" originx="-55.11811023622" originy="120.07874015748" endx="55.11811023622" endy="120.07874015748" width="7.8740157480314" />
    <line layer="TOP_SILKSCREEN" originx="-118.11023622047" originy="55.11811023622" endx="-118.11023622047" endy="-55.11811023622" width="7.8740157480314" />
    <line layer="TOP_SILKSCREEN" originx="118.11023622047" originy="55.11811023622" endx="118.11023622047" endy="-55.11811023622" width="7.8740157480314" />
    <line layer="TOP_SILKSCREEN" originx="-88.582677165353" originy="-212.59842519685" endx="-88.582677165353" endy="-212.59842519685" width="3.9370078740157" />
    <arc layer="TOP_SILKSCREEN" originx="-88.582677165353" originy="-214.56692913386" startangle="90.0" sweepangle="180.0" radius="1.9685039370078" width="3.9370078740157" />
    <line layer="TOP_SILKSCREEN" originx="-88.582677165353" originy="-216.53543307086" endx="-88.582677165353" endy="-216.53543307086" width="3.9370078740157" />
    <arc layer="TOP_SILKSCREEN" originx="-88.582677165353" originy="-214.56692913386" startangle="-90.0" sweepangle="180.0" radius="1.9685039370078" width="3.9370078740157" />
    <line layer="TOP_SILKSCREEN" originx="-55.11811023622" originy="-120.07874015748" endx="55.11811023622" endy="-120.07874015748" width="7.8740157480314" />
  </footprint>
  <symbol name="EVQ-9P105M" originx="0" originy="0">
    <line originx="200" originy="100" endx="900" endy="100" width="0" />
    <line originx="900" originy="-200" endx="900" endy="100" width="0" />
    <line originx="900" originy="-200" endx="200" endy="-200" width="0" />
    <line originx="200" originy="100" endx="200" endy="-200" width="0" />
    <sympin number="1" originx="200" originy="-100" rotation="180" length="100" width="7.8740157480315" flipped="False">
      <text name="pinname" originx="230" originy="-100" style="Default" rotation="0" justify="left" flipped="False" hidden="False" data="COM_" />
      <text name="pindes" originx="140" originy="-80" style="Default" rotation="0" justify="lowerright" flipped="False" hidden="False" data="A1" />
    </sympin>
    <sympin number="2" originx="200" originy="0" rotation="180" length="100" width="7.8740157480315" flipped="False">
      <text name="pinname" originx="230" originy="0" style="Default" rotation="0" justify="left" flipped="False" hidden="False" data="COM" />
      <text name="pindes" originx="140" originy="20" style="Default" rotation="0" justify="lowerright" flipped="False" hidden="False" data="A2" />
    </sympin>
    <sympin number="3" originx="900" originy="-100" rotation="0" length="100" width="7.8740157480315" flipped="False">
      <text name="pinname" originx="870" originy="-100" style="Default" rotation="0" justify="right" flipped="False" hidden="False" data="NO_1" />
      <text name="pindes" originx="960" originy="-80" style="Default" rotation="0" justify="lowerleft" flipped="False" hidden="False" data="B1" />
    </sympin>
    <sympin number="4" originx="900" originy="0" rotation="0" length="100" width="7.8740157480315" flipped="False">
      <text name="pinname" originx="870" originy="0" style="Default" rotation="0" justify="right" flipped="False" hidden="False" data="NO_2" />
      <text name="pindes" originx="960" originy="20" style="Default" rotation="0" justify="lowerleft" flipped="False" hidden="False" data="B2" />
    </sympin>
  </symbol>
  <component name="EVQ-9P105M" designatorprefix="S" height="204.72440944882" footprint="EVQ9P105M">
    <comppin designator="A1" sympin="1" pinswap="0" gateswap="0" gate="1" group="1" side="" type="Any" name="COM_" />
    <comppin designator="A2" sympin="2" pinswap="0" gateswap="0" gate="1" group="1" side="" type="Any" name="COM" />
    <comppin designator="B1" sympin="3" pinswap="0" gateswap="0" gate="1" group="1" side="" type="Any" name="NO_1" />
    <comppin designator="B2" sympin="4" pinswap="0" gateswap="0" gate="1" group="1" side="" type="Any" name="NO_2" />
    <attached_symbol gate="1" name="EVQ-9P105M" />
    <pinmap designator="A1" footprintpin="1" />
    <pinmap designator="A2" footprintpin="2" />
    <pinmap designator="B1" footprintpin="3" />
    <pinmap designator="B2" footprintpin="4" />
    <text name="Datasheet" originx="0" originy="0" style="Default" rotation="0" justify="" flipped="False" hidden="True" data="https://www3.panasonic.biz/ac/cdn/e/control/switch/light-touch/catalog/sw_lt_eng_6s_long.pdf" />
    <text name="Description" originx="0" originy="0" style="Default" rotation="0" justify="" flipped="False" hidden="True" data="Tactile Switch SPST-NO Top Actuated Surface Mount 3.5NF 6.0x6.1x5.0mm" />
    <text name="Mouser Part Number" originx="0" originy="0" style="Default" rotation="0" justify="" flipped="False" hidden="True" data="667-EVQ-9P105M" />
    <text name="Mouser Price/Stock" originx="0" originy="0" style="Default" rotation="0" justify="" flipped="False" hidden="True" data="https://www.mouser.co.uk/ProductDetail/Panasonic/EVQ-9P105M?qs=Ow%252BOiPmaljGBWYyxblHqgQ%3D%3D" />
    <text name="Manufacturer_Name" originx="0" originy="0" style="Default" rotation="0" justify="" flipped="False" hidden="True" data="Panasonic" />
    <text name="Manufacturer_Part_Number" originx="950" originy="200" style="Default" rotation="0" justify="left" flipped="False" hidden="False" data="EVQ-9P105M" />
  </component>
</quadcept_library>
