<?xml version="1.0" encoding="utf-8"?>
<!--/13746486/1667936/2.50/2/3/Diode/-->
<quadcept_library>
  <setting unit="mil" />
  <textstyle name="Default" height="47.244094488189" strokewidth="7.8740157480315" charwidth="47.244094488189" />
  <textstyle name="Dimension" height="19.6850393700787" strokewidth="0" charwidth="19.6850393700787" />
  <textstyle name="H127W0635TH00762" height="50" strokewidth="3" charwidth="25" />
  <textstyle name="H15W15TH02" height="59.0551181102362" strokewidth="7.8740157480315" charwidth="59.0551181102362" />
  <padstyle name="r54_49" surface="True" plated="False" isvia="False" nopaste="False" nomask="True" complex="False" holesize="0">
    <padshape layer="TOP" shape="rectangle" width="19.291338582677" height="21.259842519685" />
    <padshape layer="TOP_SOLDER_MASK" shape="rectangle" width="27.165354330708" height="29.133858267716" />
    <padshape layer="TOP_SOLDER_PASTE" shape="rectangle" width="19.291338582677" height="21.259842519685" />
  </padstyle>
  <footprint name="SODFL1608X70N" originx="0" originy="0" pickpointx="0" pickpointy="0">
    <pcbpin number="1" name="1" style="r54_49" originx="-31.496062992126" originy="0" rotation="90" />
    <pcbpin number="2" name="2" style="r54_49" originx="31.496062992126" originy="0" rotation="90" />
    <line layer="TOP_PLACE_BOUND" originx="-48.031496062992" originy="21.653543307086" endx="48.031496062992" endy="21.653543307086" width="1.9685039370079" />
    <line layer="TOP_PLACE_BOUND" originx="48.031496062992" originy="21.653543307086" endx="48.031496062992" endy="-21.653543307086" width="1.9685039370079" />
    <line layer="TOP_PLACE_BOUND" originx="48.031496062992" originy="-21.653543307086" endx="-48.031496062992" endy="-21.653543307086" width="1.9685039370079" />
    <line layer="TOP_PLACE_BOUND" originx="-48.031496062992" originy="-21.653543307086" endx="-48.031496062992" endy="21.653543307086" width="1.9685039370079" />
    <line layer="TOP_ASSEMBLY" originx="-23.622047244094" originy="15.748031496063" endx="23.622047244094" endy="15.748031496063" width="3.9370078740157" />
    <line layer="TOP_ASSEMBLY" originx="23.622047244094" originy="15.748031496063" endx="23.622047244094" endy="-15.748031496063" width="3.9370078740157" />
    <line layer="TOP_ASSEMBLY" originx="23.622047244094" originy="-15.748031496063" endx="-23.622047244094" endy="-15.748031496063" width="3.9370078740157" />
    <line layer="TOP_ASSEMBLY" originx="-23.622047244094" originy="-15.748031496063" endx="-23.622047244094" endy="15.748031496063" width="3.9370078740157" />
    <line layer="TOP_ASSEMBLY" originx="-23.622047244094" originy="5.1181102362204" endx="-12.992125984252" endy="15.748031496063" width="3.9370078740157" />
    <line layer="TOP_SILKSCREEN" originx="-42.125984251968" originy="15.748031496063" endx="23.622047244094" endy="15.748031496063" width="7.8740157480314" />
    <line layer="TOP_SILKSCREEN" originx="-23.622047244094" originy="-15.748031496063" endx="23.622047244094" endy="-15.748031496063" width="7.8740157480314" />
  </footprint>
  <symbol name="ESD5Z5V0" originx="0" originy="0">
    <line originx="200" originy="100" endx="200" endy="-100" width="0" />
    <line originx="100" originy="0" endx="200" endy="0" width="0" />
    <line originx="400" originy="0" endx="500" endy="0" width="0" />
    <sympin number="1" originx="100" originy="0" rotation="180" length="100" width="7.8740157480315" flipped="False">
      <text name="pinname" originx="140" originy="10" style="Default" rotation="0" justify="left" flipped="False" hidden="True" data="K" />
      <text name="pindes" originx="60" originy="10" style="Default" rotation="0" justify="lowerright" flipped="False" hidden="False" data="1" />
    </sympin>
    <sympin number="2" originx="500" originy="0" rotation="0" length="100" width="7.8740157480315" flipped="False">
      <text name="pinname" originx="460" originy="10" style="Default" rotation="0" justify="right" flipped="False" hidden="True" data="A" />
      <text name="pindes" originx="540" originy="10" style="Default" rotation="0" justify="lowerleft" flipped="False" hidden="False" data="2" />
    </sympin>
    <polygon type="polygon">
      <point x="200" y="0" />
      <point x="400" y="100" />
      <point x="400" y="-100" />
    </polygon>
  </symbol>
  <component name="ESD5Z5V0" designatorprefix="D" height="27.55905511811" footprint="SODFL1608X70N">
    <comppin designator="1" sympin="1" pinswap="0" gateswap="0" gate="1" group="1" side="" type="Any" name="K" />
    <comppin designator="2" sympin="2" pinswap="0" gateswap="0" gate="1" group="1" side="" type="Any" name="A" />
    <attached_symbol gate="1" name="ESD5Z5V0" />
    <pinmap designator="1" footprintpin="1" />
    <pinmap designator="2" footprintpin="2" />
    <text name="Datasheet" originx="0" originy="0" style="Default" rotation="0" justify="" flipped="False" hidden="True" data="https://www.mouser.in/datasheet/2/849/esd5z2v5-2891948.pdf" />
    <text name="Description" originx="0" originy="0" style="Default" rotation="0" justify="" flipped="False" hidden="True" data="TVS DIODE 5VWM 11.6VC SOD523" />
    <text name="Mouser Part Number" originx="0" originy="0" style="Default" rotation="0" justify="" flipped="False" hidden="True" data="637-ESD5Z5V0" />
    <text name="Mouser Price/Stock" originx="0" originy="0" style="Default" rotation="0" justify="" flipped="False" hidden="True" data="https://www.mouser.co.uk/ProductDetail/Diotec-Semiconductor/ESD5Z5V0?qs=OlC7AqGiEDkOteFEVl3upQ%3D%3D" />
    <text name="Manufacturer_Name" originx="0" originy="0" style="Default" rotation="0" justify="" flipped="False" hidden="True" data="Diotec" />
    <text name="Manufacturer_Part_Number" originx="450" originy="100" style="Default" rotation="0" justify="left" flipped="False" hidden="False" data="ESD5Z5V0" />
  </component>
</quadcept_library>
