<?xml version="1.0" encoding="utf-8"?>
<!--/1086469/1667936/2.50/2/2/Diode ESD (Uni-directional)/-->
<quadcept_library>
  <setting unit="mil" />
  <textstyle name="Default" height="47.244094488189" strokewidth="7.8740157480315" charwidth="47.244094488189" />
  <textstyle name="Dimension" height="19.6850393700787" strokewidth="0" charwidth="19.6850393700787" />
  <textstyle name="H127W0635TH00762" height="50" strokewidth="3" charwidth="25" />
  <textstyle name="H15W15TH02" height="59.0551181102362" strokewidth="7.8740157480315" charwidth="59.0551181102362" />
  <padstyle name="s120" surface="True" plated="False" isvia="False" nopaste="False" nomask="True" complex="False" holesize="0">
    <padshape layer="TOP" shape="square" width="47.244094488188" height="47.244094488188" />
    <padshape layer="TOP_SOLDER_MASK" shape="square" width="55.11811023622" height="55.11811023622" />
    <padshape layer="TOP_SOLDER_PASTE" shape="square" width="47.244094488188" height="47.244094488188" />
  </padstyle>
  <footprint name="SOD123W" originx="0" originy="0" pickpointx="0" pickpointy="0">
    <pcbpin number="1" name="1" style="s120" originx="-55.11811023622" originy="0" rotation="90" />
    <pcbpin number="2" name="2" style="s120" originx="55.11811023622" originy="0" rotation="90" />
    <line layer="TOP_ASSEMBLY" originx="-51.181102362204" originy="33.464566929133" endx="51.181102362204" endy="33.464566929133" width="7.8740157480314" />
    <line layer="TOP_ASSEMBLY" originx="51.181102362204" originy="33.464566929133" endx="51.181102362204" endy="-33.464566929133" width="7.8740157480314" />
    <line layer="TOP_ASSEMBLY" originx="51.181102362204" originy="-33.464566929133" endx="-51.181102362204" endy="-33.464566929133" width="7.8740157480314" />
    <line layer="TOP_ASSEMBLY" originx="-51.181102362204" originy="-33.464566929133" endx="-51.181102362204" endy="33.464566929133" width="7.8740157480314" />
    <line layer="TOP_SILKSCREEN" originx="-51.181102362204" originy="33.464566929133" endx="51.181102362204" endy="33.464566929133" width="7.8740157480314" />
    <line layer="TOP_SILKSCREEN" originx="51.181102362204" originy="-33.464566929133" endx="-51.181102362204" endy="-33.464566929133" width="7.8740157480314" />
    <arc layer="TOP_SILKSCREEN" originx="-86.811023622046" originy="1.6141732283464" startangle="180" sweepangle="180" radius="1.8897637795275" width="7.8740157480314" />
    <arc layer="TOP_SILKSCREEN" originx="-86.811023622046" originy="1.6141732283464" startangle="180" sweepangle="-180" radius="1.8897637795275" width="7.8740157480314" />
  </footprint>
  <symbol name="PTVS5V0S1UTR,115" originx="0" originy="0">
    <line originx="200" originy="0" endx="400" endy="100" width="0" />
    <line originx="400" originy="-100" endx="400" endy="100" width="0" />
    <line originx="400" originy="-100" endx="200" endy="0" width="0" />
    <line originx="200" originy="100" endx="200" endy="-100" width="0" />
    <line originx="100" originy="0" endx="200" endy="0" width="0" />
    <line originx="500" originy="0" endx="400" endy="0" width="0" />
    <line originx="200" originy="-100" endx="260" endy="-100" width="0" />
    <sympin number="1" originx="100" originy="0" rotation="180" length="100" width="7.8740157480315" flipped="False">
      <text name="pinname" originx="140" originy="10" style="Default" rotation="0" justify="left" flipped="False" hidden="True" data="K" />
      <text name="pindes" originx="60" originy="10" style="Default" rotation="0" justify="lowerright" flipped="False" hidden="False" data="1" />
    </sympin>
    <sympin number="2" originx="500" originy="0" rotation="0" length="100" width="7.8740157480315" flipped="False">
      <text name="pinname" originx="460" originy="10" style="Default" rotation="0" justify="right" flipped="False" hidden="True" data="A" />
      <text name="pindes" originx="540" originy="10" style="Default" rotation="0" justify="lowerleft" flipped="False" hidden="False" data="2" />
    </sympin>
  </symbol>
  <component name="PTVS5V0S1UTR,115" designatorprefix="D" height="0" footprint="SOD123W">
    <comppin designator="1" sympin="1" pinswap="0" gateswap="0" gate="1" group="1" side="" type="Any" name="K" />
    <comppin designator="2" sympin="2" pinswap="0" gateswap="0" gate="1" group="1" side="" type="Any" name="A" />
    <attached_symbol gate="1" name="PTVS5V0S1UTR,115" />
    <pinmap designator="1" footprintpin="1" />
    <pinmap designator="2" footprintpin="2" />
    <text name="Datasheet" originx="0" originy="0" style="Default" rotation="0" justify="" flipped="False" hidden="True" data="https://assets.nexperia.com/documents/data-sheet/PTVSXS1UTR_SER.pdf" />
    <text name="Description" originx="0" originy="0" style="Default" rotation="0" justify="" flipped="False" hidden="True" data="PTVSxS1UTR series - High-temperature 400 W Transient Voltage Suppressor" />
    <text name="Mouser Part Number" originx="0" originy="0" style="Default" rotation="0" justify="" flipped="False" hidden="True" data="771-PTVS5V0S1UTR115" />
    <text name="Mouser Price/Stock" originx="0" originy="0" style="Default" rotation="0" justify="" flipped="False" hidden="True" data="https://www.mouser.co.uk/ProductDetail/Nexperia/PTVS5V0S1UTR115?qs=A1cBxND5mHKqQmYtRUHCaQ%3D%3D" />
    <text name="Manufacturer_Name" originx="0" originy="0" style="Default" rotation="0" justify="" flipped="False" hidden="True" data="Nexperia" />
    <text name="Manufacturer_Part_Number" originx="400" originy="250" style="Default" rotation="0" justify="left" flipped="False" hidden="False" data="PTVS5V0S1UTR,115" />
  </component>
</quadcept_library>
