<?xml version="1.0" encoding="utf-8"?>
<!--/243917/1667936/2.50/3/2/Integrated Circuit/-->
<quadcept_library>
  <setting unit="mil" />
  <textstyle name="Default" height="47.244094488189" strokewidth="7.8740157480315" charwidth="47.244094488189" />
  <textstyle name="Dimension" height="19.6850393700787" strokewidth="0" charwidth="19.6850393700787" />
  <textstyle name="H127W0635TH00762" height="50" strokewidth="3" charwidth="25" />
  <textstyle name="H15W15TH02" height="59.0551181102362" strokewidth="7.8740157480315" charwidth="59.0551181102362" />
  <padstyle name="r100_70" surface="True" plated="False" isvia="False" nopaste="False" nomask="True" complex="False" holesize="0">
    <padshape layer="TOP" shape="rectangle" width="27.55905511811" height="39.370078740157" />
    <padshape layer="TOP_SOLDER_MASK" shape="rectangle" width="35.433070866141" height="47.244094488188" />
    <padshape layer="TOP_SOLDER_PASTE" shape="rectangle" width="27.55905511811" height="39.370078740157" />
  </padstyle>
  <footprint name="A3213ELHLTT" originx="0" originy="0" pickpointx="0" pickpointy="0">
    <pcbpin number="1" name="1" style="r100_70" originx="-37.401574803149" originy="-47.244094488188" rotation="0" />
    <pcbpin number="2" name="2" style="r100_70" originx="37.401574803149" originy="-47.244094488188" rotation="0" />
    <pcbpin number="3" name="3" style="r100_70" originx="0" originy="47.244094488188" rotation="0" />
    <line layer="TOP_ASSEMBLY" originx="-58.661417322834" originy="37.59842519685" endx="58.661417322834" endy="37.59842519685" width="3.9370078740157" />
    <line layer="TOP_ASSEMBLY" originx="58.661417322834" originy="37.59842519685" endx="58.661417322834" endy="-37.59842519685" width="3.9370078740157" />
    <line layer="TOP_ASSEMBLY" originx="58.661417322834" originy="-37.59842519685" endx="-58.661417322834" endy="-37.59842519685" width="3.9370078740157" />
    <line layer="TOP_ASSEMBLY" originx="-58.661417322834" originy="-37.59842519685" endx="-58.661417322834" endy="37.59842519685" width="3.9370078740157" />
    <line layer="TOP_PLACE_BOUND" originx="-98.031496062991" originy="106.29921259842" endx="98.031496062991" endy="106.29921259842" width="3.9370078740157" />
    <line layer="TOP_PLACE_BOUND" originx="98.031496062991" originy="106.29921259842" endx="98.031496062991" endy="-106.29921259842" width="3.9370078740157" />
    <line layer="TOP_PLACE_BOUND" originx="98.031496062991" originy="-106.29921259842" endx="-98.031496062991" endy="-106.29921259842" width="3.9370078740157" />
    <line layer="TOP_PLACE_BOUND" originx="-98.031496062991" originy="-106.29921259842" endx="-98.031496062991" endy="106.29921259842" width="3.9370078740157" />
    <line layer="TOP_SILKSCREEN" originx="23.622047244094" originy="37.59842519685" endx="58.661417322834" endy="37.59842519685" width="7.8740157480314" />
    <line layer="TOP_SILKSCREEN" originx="58.661417322834" originy="37.59842519685" endx="58.661417322834" endy="-15.748031496063" width="7.8740157480314" />
    <line layer="TOP_SILKSCREEN" originx="-23.622047244094" originy="37.59842519685" endx="-58.661417322834" endy="37.59842519685" width="7.8740157480314" />
    <line layer="TOP_SILKSCREEN" originx="-58.661417322834" originy="37.59842519685" endx="-58.661417322834" endy="-15.748031496063" width="7.8740157480314" />
    <line layer="TOP_SILKSCREEN" originx="-39.370078740157" originy="-86.614173228345" endx="-39.370078740157" endy="-86.614173228345" width="3.9370078740157" />
    <arc layer="TOP_SILKSCREEN" originx="-37.401574803149" originy="-86.614173228345" startangle="180.0" sweepangle="180.0" radius="1.9685039370079" width="3.9370078740157" />
    <line layer="TOP_SILKSCREEN" originx="-35.433070866141" originy="-86.614173228345" endx="-35.433070866141" endy="-86.614173228345" width="3.9370078740157" />
    <arc layer="TOP_SILKSCREEN" originx="-37.401574803149" originy="-86.614173228345" startangle=".0" sweepangle="180.0" radius="1.9685039370079" width="3.9370078740157" />
    <line layer="TOP_SILKSCREEN" originx="-11.811023622047" originy="-37.59842519685" endx="11.811023622047" endy="-37.59842519685" width="7.8740157480314" />
  </footprint>
  <symbol name="A3213ELHLT-T" originx="0" originy="0">
    <line originx="200" originy="100" endx="900" endy="100" width="0" />
    <line originx="900" originy="-200" endx="900" endy="100" width="0" />
    <line originx="900" originy="-200" endx="200" endy="-200" width="0" />
    <line originx="200" originy="100" endx="200" endy="-200" width="0" />
    <sympin number="1" originx="200" originy="0" rotation="180" length="100" width="7.8740157480315" flipped="False">
      <text name="pinname" originx="230" originy="0" style="Default" rotation="0" justify="left" flipped="False" hidden="False" data="VDD" />
      <text name="pindes" originx="140" originy="20" style="Default" rotation="0" justify="lowerright" flipped="False" hidden="False" data="1" />
    </sympin>
    <sympin number="2" originx="200" originy="-100" rotation="180" length="100" width="7.8740157480315" flipped="False">
      <text name="pinname" originx="230" originy="-100" style="Default" rotation="0" justify="left" flipped="False" hidden="False" data="VOUT" />
      <text name="pindes" originx="140" originy="-80" style="Default" rotation="0" justify="lowerright" flipped="False" hidden="False" data="2" />
    </sympin>
    <sympin number="3" originx="900" originy="0" rotation="0" length="100" width="7.8740157480315" flipped="False">
      <text name="pinname" originx="870" originy="0" style="Default" rotation="0" justify="right" flipped="False" hidden="False" data="GND" />
      <text name="pindes" originx="960" originy="20" style="Default" rotation="0" justify="lowerleft" flipped="False" hidden="False" data="3" />
    </sympin>
  </symbol>
  <component name="A3213ELHLT-T" designatorprefix="IC" height="44.488188976377" footprint="A3213ELHLTT">
    <comppin designator="1" sympin="1" pinswap="0" gateswap="0" gate="1" group="1" side="" type="Any" name="VDD" />
    <comppin designator="2" sympin="2" pinswap="0" gateswap="0" gate="1" group="1" side="" type="Any" name="VOUT" />
    <comppin designator="3" sympin="3" pinswap="0" gateswap="0" gate="1" group="1" side="" type="Any" name="GND" />
    <attached_symbol gate="1" name="A3213ELHLT-T" />
    <pinmap designator="1" footprintpin="1" />
    <pinmap designator="2" footprintpin="2" />
    <pinmap designator="3" footprintpin="3" />
    <text name="Datasheet" originx="0" originy="0" style="Default" rotation="0" justify="" flipped="False" hidden="True" data="https://www.allegromicro.com/~/media/files/datasheets/a3213-4-datasheet.pdf" />
    <text name="Description" originx="0" originy="0" style="Default" rotation="0" justify="" flipped="False" hidden="True" data="Micropower, Ultrasensitive Hall-Effect Switch" />
    <text name="Mouser Part Number" originx="0" originy="0" style="Default" rotation="0" justify="" flipped="False" hidden="True" data="250-A3213ELHLT-T" />
    <text name="Mouser Price/Stock" originx="0" originy="0" style="Default" rotation="0" justify="" flipped="False" hidden="True" data="https://www.mouser.co.uk/ProductDetail/Allegro-MicroSystems/A3213ELHLT-T?qs=pUKx8fyJudDpXdX1yceLUw%3D%3D" />
    <text name="Manufacturer_Name" originx="0" originy="0" style="Default" rotation="0" justify="" flipped="False" hidden="True" data="Allegro Microsystems" />
    <text name="Manufacturer_Part_Number" originx="950" originy="200" style="Default" rotation="0" justify="left" flipped="False" hidden="False" data="A3213ELHLT-T" />
  </component>
</quadcept_library>
